{
    "AX": {
        "error": 0.004583707760977298, 
        "filter_outliers_dict": {
            "filter_outliers": true, 
            "iterations": 1, 
            "std_devs": 2
        }, 
        "fit": "average", 
        "value": -0.03688177568387503
    }, 
    "CDD": {
        "error": 5.539518263413068e-06, 
        "filter_outliers_dict": {
            "filter_outliers": true, 
            "iterations": 1, 
            "std_devs": 10
        }, 
        "fit": "average", 
        "value": 2.71596865116691e-05
    }, 
    "H1": {
        "error": 0.003256785242871226, 
        "filter_outliers_dict": {
            "filter_outliers": true, 
            "iterations": 1, 
            "std_devs": 2
        }, 
        "fit": "average", 
        "value": -0.033241362058323363
    }, 
    "H2": {
        "error": 0.004901162387535102, 
        "filter_outliers_dict": {
            "filter_outliers": true, 
            "iterations": 1, 
            "std_devs": 2
        }, 
        "fit": "average", 
        "value": -0.15505639124810294
    }, 
    "L1": {
        "error": 0.0018203785016839091, 
        "filter_outliers_dict": {
            "filter_outliers": true, 
            "iterations": 1, 
            "std_devs": 2
        }, 
        "fit": "average", 
        "value": -0.024228017331597563
    }, 
    "L2": {
        "error": 0.00450780509536353, 
        "filter_outliers_dict": {
            "filter_outliers": true, 
            "iterations": 1, 
            "std_devs": 2
        }, 
        "fit": "average", 
        "value": -0.01684680503356689
    }
}