{
    "Ar36": {
        "error": 0.00019708248199791788, 
        "filter_outliers_dict": {
            "filter_outliers": true, 
            "iterations": 1, 
            "std_devs": 2
        }, 
        "fit": "Parabolic", 
        "value": 0.006285767635994619
    }, 
    "Ar37": {
        "error": 0.005214040450401119, 
        "filter_outliers_dict": {
            "filter_outliers": true, 
            "iterations": 1, 
            "std_devs": 2
        }, 
        "fit": "linear", 
        "value": 0.042533736280520734
    }, 
    "Ar38": {
        "error": 0.0021644303022634362, 
        "filter_outliers_dict": {
            "filter_outliers": true, 
            "iterations": 1, 
            "std_devs": 2
        }, 
        "fit": "linear", 
        "value": 0.11509514674713295
    }, 
    "Ar39": {
        "error": 0.009855745553988025, 
        "filter_outliers_dict": {
            "filter_outliers": true, 
            "iterations": 1, 
            "std_devs": 2
        }, 
        "fit": "Parabolic", 
        "value": 10.721592004904695
    }, 
    "Ar40": {
        "error": 0.014961102530084402, 
        "filter_outliers_dict": {
            "filter_outliers": true, 
            "iterations": 1, 
            "std_devs": 2
        }, 
        "fit": "Parabolic", 
        "value": 118.7836848406044
    }, 
    "PM41": {
        "error": 0.0649344236088866, 
        "filter_outliers_dict": {
            "filter_outliers": false, 
            "iterations": 1, 
            "std_devs": 2
        }, 
        "fit": "linear", 
        "value": -0.17289260615939545
    }
}