{
    "Ar36": {
        "error": 0.0007997577454158036, 
        "filter_outliers_dict": {
            "filter_outliers": true, 
            "iterations": 1, 
            "std_devs": 2
        }, 
        "fit": "Parabolic", 
        "value": 0.00471962485828393
    }, 
    "Ar37": {
        "error": 0.018305900710806355, 
        "filter_outliers_dict": {
            "filter_outliers": true, 
            "iterations": 1, 
            "std_devs": 2
        }, 
        "fit": "linear", 
        "value": -0.006861830711381189
    }, 
    "Ar38": {
        "error": 0.007511746561535397, 
        "filter_outliers_dict": {
            "filter_outliers": true, 
            "iterations": 1, 
            "std_devs": 2
        }, 
        "fit": "linear", 
        "value": -0.005367787687310047
    }, 
    "Ar39": {
        "error": 0.05331191968702623, 
        "filter_outliers_dict": {
            "filter_outliers": true, 
            "iterations": 1, 
            "std_devs": 2
        }, 
        "fit": "Parabolic", 
        "value": -0.009048073046750496
    }, 
    "Ar40": {
        "error": 0.03575594744981074, 
        "filter_outliers_dict": {
            "filter_outliers": true, 
            "iterations": 1, 
            "std_devs": 2
        }, 
        "fit": "Parabolic", 
        "value": 0.30881004954150965
    }, 
    "PM41": {
        "error": 0.07926928463013394, 
        "filter_outliers_dict": {
            "filter_outliers": false, 
            "iterations": 1, 
            "std_devs": 2
        }, 
        "fit": "linear", 
        "value": -0.19932043152306075
    }
}