{
    "Ar36": {
        "error": 0.0009433527659964764, 
        "filter_outliers_dict": {
            "filter_outliers": true, 
            "iterations": 1, 
            "std_devs": 2
        }, 
        "fit": "Parabolic", 
        "value": 0.008818124939911727
    }, 
    "Ar37": {
        "error": 0.01878779654313711, 
        "filter_outliers_dict": {
            "filter_outliers": true, 
            "iterations": 1, 
            "std_devs": 2
        }, 
        "fit": "linear", 
        "value": 0.020893356356320288
    }, 
    "Ar38": {
        "error": 0.008892608353284029, 
        "filter_outliers_dict": {
            "filter_outliers": true, 
            "iterations": 1, 
            "std_devs": 2
        }, 
        "fit": "linear", 
        "value": 0.052852182193517366
    }, 
    "Ar39": {
        "error": 0.05849463723068819, 
        "filter_outliers_dict": {
            "filter_outliers": true, 
            "iterations": 1, 
            "std_devs": 2
        }, 
        "fit": "Parabolic", 
        "value": 5.020298078850832
    }, 
    "Ar40": {
        "error": 0.2753864958033447, 
        "filter_outliers_dict": {
            "filter_outliers": true, 
            "iterations": 1, 
            "std_devs": 2
        }, 
        "fit": "Parabolic", 
        "value": 1238.9172544602893
    }, 
    "PM41": {
        "error": 0.05641065161615584, 
        "filter_outliers_dict": {
            "filter_outliers": false, 
            "iterations": 1, 
            "std_devs": 2
        }, 
        "fit": "linear", 
        "value": -0.03211179038784084
    }
}