{
    "Ar36": {
        "error": 0.000494032053219223, 
        "filter_outliers_dict": {
            "filter_outliers": true, 
            "iterations": 1, 
            "std_devs": 2
        }, 
        "fit": "Parabolic", 
        "value": 0.06265284748934982
    }, 
    "Ar37": {
        "error": 0.004697950818840859, 
        "filter_outliers_dict": {
            "filter_outliers": true, 
            "iterations": 1, 
            "std_devs": 2
        }, 
        "fit": "linear", 
        "value": 0.030801859007616162
    }, 
    "Ar38": {
        "error": 0.0021171831764397937, 
        "filter_outliers_dict": {
            "filter_outliers": true, 
            "iterations": 1, 
            "std_devs": 2
        }, 
        "fit": "linear", 
        "value": 0.3941888350922407
    }, 
    "Ar39": {
        "error": 0.01087345909319861, 
        "filter_outliers_dict": {
            "filter_outliers": true, 
            "iterations": 1, 
            "std_devs": 2
        }, 
        "fit": "Parabolic", 
        "value": 30.313443208271302
    }, 
    "Ar40": {
        "error": 0.026273090222308164, 
        "filter_outliers_dict": {
            "filter_outliers": true, 
            "iterations": 1, 
            "std_devs": 2
        }, 
        "fit": "Parabolic", 
        "value": 384.96605344906027
    }, 
    "Ar41": {
        "error": 0.006315827853532334, 
        "filter_outliers_dict": {
            "filter_outliers": true, 
            "iterations": 1, 
            "std_devs": 2
        }, 
        "fit": "linear", 
        "value": -0.05476816774871934
    }
}